,chemical_code,chemical,month,TotalItems,TotalCost
0,0208020AA,Edoxaban,2016-02-01,147,8704.76
1,0208020AA,Edoxaban,2015-12-01,88,4773.3
2,0208020AA,Edoxaban,2017-07-01,7711,355152.6719800015
3,0208020AA,Edoxaban,2016-09-01,1550,76041.95999999998
4,0208020AA,Edoxaban,2015-10-01,24,1308.9500000000003
5,0208020AA,Edoxaban,2016-11-01,2136,102263.36999999984
6,0208020AA,Edoxaban,2017-02-01,3286,152289.58348000015
7,0208020AA,Edoxaban,2018-02-01,16842,740262.7967400089
8,0208020AA,Edoxaban,2016-04-01,339,19929.210000000003
9,0208020AA,Edoxaban,2016-12-01,2639,124917.70999999995
10,0208020AA,Edoxaban,2015-11-01,53,2507.5600000000004
11,0208020AA,Edoxaban,2017-04-01,4645,216729.63736999972
12,0208020AA,Edoxaban,2016-05-01,471,23188.299999999996
13,0208020AA,Edoxaban,2017-09-01,9993,438579.6241899977
14,0208020AA,Edoxaban,2017-10-01,11528,506505.17612000334
15,0208020AA,Edoxaban,2016-08-01,1186,59917.430000000066
16,0208020AA,Edoxaban,2017-12-01,14795,655535.0760700029
17,0208020AA,Edoxaban,2015-09-01,10,666.67
18,0208020AA,Edoxaban,2015-08-01,2,271.81
19,0208020AA,Edoxaban,2018-04-01,21752,963929.8316299957
20,0208020AA,Edoxaban,2017-11-01,13187,581121.6672099993
21,0208020AA,Edoxaban,2018-03-01,20364,905673.6327800092
22,0208020AA,Edoxaban,2017-01-01,2971,140614.93596000006
23,0208020AA,Edoxaban,2016-10-01,1766,85067.18999999987
24,0208020AA,Edoxaban,2016-01-01,96,5602.060000000002
25,0208020AA,Edoxaban,2017-08-01,9030,417685.7441400014
26,0208020AA,Edoxaban,2017-06-01,6812,314755.21879000193
27,0208020AA,Edoxaban,2015-07-01,1,54.39
28,0208020AA,Edoxaban,2016-06-01,647,31792.429999999997
29,0208020AA,Edoxaban,2018-01-01,16627,739230.2087500064
30,0208020AA,Edoxaban,2017-03-01,4434,205515.15022999977
31,0208020AA,Edoxaban,2016-03-01,249,14309.51
32,0208020AA,Edoxaban,2016-07-01,889,44750.80000000004
33,0208020AA,Edoxaban,2017-05-01,5773,267147.87065
34,0208020H0,Acenocoumarol,2017-01-01,2443,12159.929990000008
35,0208020H0,Acenocoumarol,2011-11-01,2621,13341.89
36,0208020H0,Acenocoumarol,2014-07-01,3222,16075.939999999984
37,0208020H0,Acenocoumarol,2013-01-01,2735,12594.890000000003
38,0208020H0,Acenocoumarol,2013-11-01,3055,14993.150000000005
39,0208020H0,Acenocoumarol,2018-03-01,2182,11279.442560000001
40,0208020H0,Acenocoumarol,2016-09-01,2529,12237.909999999996
41,0208020H0,Acenocoumarol,2011-04-01,2257,11280.100000000002
42,0208020H0,Acenocoumarol,2011-12-01,2789,14028.38
43,0208020H0,Acenocoumarol,2013-04-01,3194,15758.360000000011
44,0208020H0,Acenocoumarol,2014-04-01,2997,15207.500000000007
45,0208020H0,Acenocoumarol,2011-05-01,2484,12654.669999999993
46,0208020H0,Acenocoumarol,2018-01-01,2214,11202.172749999976
47,0208020H0,Acenocoumarol,2011-10-01,2574,12998.840000000002
48,0208020H0,Acenocoumarol,2012-09-01,3086,15108.969999999992
49,0208020H0,Acenocoumarol,2011-07-01,2452,12271.669999999998
50,0208020H0,Acenocoumarol,2014-11-01,2877,14724.340000000006
51,0208020H0,Acenocoumarol,2014-05-01,3202,15902.689999999995
52,0208020H0,Acenocoumarol,2017-12-01,2347,11877.483830000001
53,0208020H0,Acenocoumarol,2011-06-01,2471,12422.199999999995
54,0208020H0,Acenocoumarol,2017-08-01,2423,12112.019840000034
55,0208020H0,Acenocoumarol,2018-02-01,1981,10066.929319999992
56,0208020H0,Acenocoumarol,2015-04-01,2977,14581.969999999994
57,0208020H0,Acenocoumarol,2014-08-01,3023,15008.019999999986
58,0208020H0,Acenocoumarol,2012-01-01,2540,12977.489999999996
59,0208020H0,Acenocoumarol,2012-04-01,2546,12769.47
60,0208020H0,Acenocoumarol,2016-02-01,2659,13190.33999999998
61,0208020H0,Acenocoumarol,2013-09-01,3041,15085.889999999994
62,0208020H0,Acenocoumarol,2011-08-01,2521,12659.830000000004
63,0208020H0,Acenocoumarol,2015-08-01,2758,13489.859999999991
64,0208020H0,Acenocoumarol,2013-03-01,3141,15551.639999999996
65,0208020H0,Acenocoumarol,2011-02-01,1959,10320.839999999997
66,0208020H0,Acenocoumarol,2016-12-01,2747,13609.649999999987
67,0208020H0,Acenocoumarol,2015-10-01,2938,14746.84000000001
68,0208020H0,Acenocoumarol,2013-06-01,3007,15098.400000000003
69,0208020H0,Acenocoumarol,2011-01-01,1874,9583.830000000005
70,0208020H0,Acenocoumarol,2016-06-01,2882,14258.399999999992
71,0208020H0,Acenocoumarol,2017-02-01,2297,11668.311060000016
72,0208020H0,Acenocoumarol,2013-08-01,3226,15976.940000000015
73,0208020H0,Acenocoumarol,2013-07-01,3233,15956.779999999997
74,0208020H0,Acenocoumarol,2014-09-01,3122,15598.329999999993
75,0208020H0,Acenocoumarol,2017-10-01,2300,11597.734930000039
76,0208020H0,Acenocoumarol,2014-03-01,3015,14990.030000000002
77,0208020H0,Acenocoumarol,2010-10-01,1816,9433.700000000006
78,0208020H0,Acenocoumarol,2014-10-01,3231,15637.729999999996
79,0208020H0,Acenocoumarol,2013-05-01,3291,16230.259999999987
80,0208020H0,Acenocoumarol,2016-04-01,2854,14121.17999999999
81,0208020H0,Acenocoumarol,2018-04-01,2079,10574.53183999993
82,0208020H0,Acenocoumarol,2013-12-01,3332,16424.12999999999
83,0208020H0,Acenocoumarol,2017-03-01,2577,12874.451780000014
84,0208020H0,Acenocoumarol,2016-08-01,2504,12198.029999999988
85,0208020H0,Acenocoumarol,2016-05-01,2617,13060.019999999982
86,0208020H0,Acenocoumarol,2016-10-01,2803,14082.679999999986
87,0208020H0,Acenocoumarol,2017-09-01,2252,11491.065220000002
88,0208020H0,Acenocoumarol,2015-11-01,2810,13851.59999999999
89,0208020H0,Acenocoumarol,2012-07-01,3076,15130.36999999999
90,0208020H0,Acenocoumarol,2012-03-01,2692,13667.959999999997
91,0208020H0,Acenocoumarol,2017-04-01,2337,11750.001849999984
92,0208020H0,Acenocoumarol,2013-10-01,3302,16748.520000000015
93,0208020H0,Acenocoumarol,2012-02-01,2535,12791.330000000002
94,0208020H0,Acenocoumarol,2015-01-01,3038,14862.050000000008
95,0208020H0,Acenocoumarol,2015-07-01,3137,15587.780000000004
96,0208020H0,Acenocoumarol,2015-02-01,2740,13439.730000000005
97,0208020H0,Acenocoumarol,2011-09-01,2632,13190.459999999992
98,0208020H0,Acenocoumarol,2017-06-01,2457,12125.565340000041
99,0208020H0,Acenocoumarol,2010-12-01,2223,11687.889999999996
100,0208020H0,Acenocoumarol,2016-03-01,2833,13862.539999999992
101,0208020H0,Acenocoumarol,2015-03-01,3023,14860.490000000007
102,0208020H0,Acenocoumarol,2017-07-01,2305,11543.818149999966
103,0208020H0,Acenocoumarol,2012-11-01,3390,16618.450000000004
104,0208020H0,Acenocoumarol,2015-06-01,3007,14810.699999999988
105,0208020H0,Acenocoumarol,2014-01-01,3193,16027.429999999991
106,0208020H0,Acenocoumarol,2010-09-01,1982,10335.200000000003
107,0208020H0,Acenocoumarol,2011-03-01,2256,11510.379999999996
108,0208020H0,Acenocoumarol,2014-06-01,2991,15101.310000000005
109,0208020H0,Acenocoumarol,2017-05-01,2473,12413.518289999967
110,0208020H0,Acenocoumarol,2012-12-01,3284,16130.11
111,0208020H0,Acenocoumarol,2012-10-01,3247,15831.749999999995
112,0208020H0,Acenocoumarol,2014-02-01,2850,14032.610000000004
113,0208020H0,Acenocoumarol,2012-06-01,2877,14105.349999999999
114,0208020H0,Acenocoumarol,2010-11-01,1992,10364.260000000004
115,0208020H0,Acenocoumarol,2010-08-01,1830,9479.300000000001
116,0208020H0,Acenocoumarol,2017-11-01,2280,11757.525970000052
117,0208020H0,Acenocoumarol,2015-05-01,2891,14319.339999999997
118,0208020H0,Acenocoumarol,2016-07-01,2638,13043.519999999995
119,0208020H0,Acenocoumarol,2016-01-01,2703,13140.170000000011
120,0208020H0,Acenocoumarol,2016-11-01,2717,13726.039999999995
121,0208020H0,Acenocoumarol,2012-08-01,3260,15856.190000000006
122,0208020H0,Acenocoumarol,2014-12-01,3304,16344.390000000009
123,0208020H0,Acenocoumarol,2013-02-01,3360,17226.730000000014
124,0208020H0,Acenocoumarol,2015-09-01,2866,14215.089999999993
125,0208020H0,Acenocoumarol,2012-05-01,2926,14891.139999999996
126,0208020H0,Acenocoumarol,2015-12-01,3172,15960.839999999978
127,0208020N0,Phenindione,2014-04-01,146,45578.95999999999
128,0208020N0,Phenindione,2017-03-01,72,149613.41264999998
129,0208020N0,Phenindione,2012-10-01,167,31824.6
130,0208020N0,Phenindione,2017-07-01,75,131030.22482999998
131,0208020N0,Phenindione,2016-05-01,70,117088.56999999999
132,0208020N0,Phenindione,2012-12-01,203,44308.690000000024
133,0208020N0,Phenindione,2016-02-01,130,237963.05000000002
134,0208020N0,Phenindione,2010-09-01,1866,112053.0999999999
135,0208020N0,Phenindione,2012-07-01,373,70917.13000000002
136,0208020N0,Phenindione,2014-10-01,154,55027.39000000001
137,0208020N0,Phenindione,2010-12-01,2357,172929.66999999995
138,0208020N0,Phenindione,2013-02-01,290,60162.75
139,0208020N0,Phenindione,2016-12-01,75,126198.85
140,0208020N0,Phenindione,2013-03-01,291,64904.029999999984
141,0208020N0,Phenindione,2013-10-01,143,41770.420000000006
142,0208020N0,Phenindione,2013-09-01,187,58038.79999999999
143,0208020N0,Phenindione,2014-09-01,159,56553.68999999998
144,0208020N0,Phenindione,2013-08-01,217,68973.16000000002
145,0208020N0,Phenindione,2011-11-01,1507,205098.2100000001
146,0208020N0,Phenindione,2013-05-01,242,57187.64999999997
147,0208020N0,Phenindione,2012-06-01,509,101576.55000000008
148,0208020N0,Phenindione,2012-11-01,300,67389.68999999999
149,0208020N0,Phenindione,2017-10-01,63,114090.07125000001
150,0208020N0,Phenindione,2011-09-01,1424,148884.59000000003
151,0208020N0,Phenindione,2017-12-01,71,133948.10212999998
152,0208020N0,Phenindione,2014-11-01,143,47864.68
153,0208020N0,Phenindione,2013-12-01,213,64901.73999999998
154,0208020N0,Phenindione,2018-01-01,54,99618.08992
155,0208020N0,Phenindione,2017-06-01,76,156976.25646000003
156,0208020N0,Phenindione,2012-04-01,1087,200972.38999999996
157,0208020N0,Phenindione,2013-04-01,266,55921.09000000004
158,0208020N0,Phenindione,2011-06-01,1542,160609.69000000006
159,0208020N0,Phenindione,2013-01-01,282,56320.55999999999
160,0208020N0,Phenindione,2015-05-01,123,48339.11999999997
161,0208020N0,Phenindione,2014-07-01,183,66869.38999999998
162,0208020N0,Phenindione,2011-01-01,2031,149050.65
163,0208020N0,Phenindione,2017-08-01,61,130825.44250000002
164,0208020N0,Phenindione,2016-04-01,104,202463.98
165,0208020N0,Phenindione,2014-08-01,183,64680.870000000024
166,0208020N0,Phenindione,2015-07-01,137,128564.6100000001
167,0208020N0,Phenindione,2015-03-01,129,41449.37000000002
168,0208020N0,Phenindione,2015-04-01,126,47560.539999999986
169,0208020N0,Phenindione,2012-09-01,241,53305.36999999999
170,0208020N0,Phenindione,2016-03-01,92,157559.13
171,0208020N0,Phenindione,2017-05-01,75,142671.92176
172,0208020N0,Phenindione,2017-09-01,62,131185.93846999996
173,0208020N0,Phenindione,2014-06-01,146,44867.319999999985
174,0208020N0,Phenindione,2011-03-01,1552,108082.55999999997
175,0208020N0,Phenindione,2016-09-01,84,130690.16999999998
176,0208020N0,Phenindione,2017-01-01,69,133768.88937000002
177,0208020N0,Phenindione,2014-03-01,183,54418.24999999999
178,0208020N0,Phenindione,2012-01-01,1393,186790.79000000004
179,0208020N0,Phenindione,2014-05-01,152,42543.53000000001
180,0208020N0,Phenindione,2017-02-01,66,104002.74087000001
181,0208020N0,Phenindione,2015-09-01,115,113100.99999999996
182,0208020N0,Phenindione,2012-03-01,1354,217688.4899999999
183,0208020N0,Phenindione,2010-10-01,1686,108215.44999999994
184,0208020N0,Phenindione,2016-06-01,92,169268.16000000006
185,0208020N0,Phenindione,2010-08-01,2087,128136.96999999997
186,0208020N0,Phenindione,2015-10-01,128,216518.83999999994
187,0208020N0,Phenindione,2015-12-01,91,173176.16999999998
188,0208020N0,Phenindione,2013-11-01,156,44312.32999999999
189,0208020N0,Phenindione,2013-07-01,121,31588.940000000006
190,0208020N0,Phenindione,2017-04-01,60,104269.21695
191,0208020N0,Phenindione,2014-01-01,212,62881.37000000001
192,0208020N0,Phenindione,2014-12-01,175,66679.20000000001
193,0208020N0,Phenindione,2011-08-01,1130,108198.19
194,0208020N0,Phenindione,2012-02-01,1345,180637.33999999994
195,0208020N0,Phenindione,2018-03-01,67,125647.60315000001
196,0208020N0,Phenindione,2016-07-01,88,149230.86000000002
197,0208020N0,Phenindione,2015-01-01,144,53030.580000000016
198,0208020N0,Phenindione,2015-06-01,133,144413.18
199,0208020N0,Phenindione,2011-04-01,1079,87330.08999999997
200,0208020N0,Phenindione,2014-02-01,140,42179.9
201,0208020N0,Phenindione,2010-11-01,2718,206627.7600000001
202,0208020N0,Phenindione,2017-11-01,60,122700.32531999999
203,0208020N0,Phenindione,2015-02-01,97,29380.550000000007
204,0208020N0,Phenindione,2012-08-01,282,53980.83999999995
205,0208020N0,Phenindione,2015-08-01,144,136967.7800000001
206,0208020N0,Phenindione,2015-11-01,113,199187.90999999995
207,0208020N0,Phenindione,2016-01-01,76,147110.11
208,0208020N0,Phenindione,2011-02-01,1677,120296.17000000006
209,0208020N0,Phenindione,2012-05-01,862,166033.14
210,0208020N0,Phenindione,2018-02-01,54,98425.33428000001
211,0208020N0,Phenindione,2011-10-01,1667,241440.12000000005
212,0208020N0,Phenindione,2016-08-01,76,135732.08000000002
213,0208020N0,Phenindione,2011-07-01,1313,128101.61999999988
214,0208020N0,Phenindione,2013-06-01,174,41369.21
215,0208020N0,Phenindione,2018-04-01,60,95847.40183999999
216,0208020N0,Phenindione,2016-11-01,85,144045.32
217,0208020N0,Phenindione,2011-12-01,1695,244778.8500000002
218,0208020N0,Phenindione,2016-10-01,63,104435.34999999998
219,0208020N0,Phenindione,2011-05-01,2321,247508.13999999978
220,0208020V0,Warfarin Sodium,2017-05-01,827847,1135182.1375999935
221,0208020V0,Warfarin Sodium,2017-04-01,774531,1052235.9391099992
222,0208020V0,Warfarin Sodium,2016-10-01,856480,1262810.310000001
223,0208020V0,Warfarin Sodium,2015-11-01,920394,1701122.6900000018
224,0208020V0,Warfarin Sodium,2015-10-01,964230,1780953.5199999993
225,0208020V0,Warfarin Sodium,2012-11-01,896147,1234866.2799999998
226,0208020V0,Warfarin Sodium,2015-07-01,1010147,1848848.630000001
227,0208020V0,Warfarin Sodium,2014-08-01,943059,1531390.090000001
228,0208020V0,Warfarin Sodium,2012-07-01,845574,1420069.3699999987
229,0208020V0,Warfarin Sodium,2016-03-01,925439,1504934.3199999996
230,0208020V0,Warfarin Sodium,2013-04-01,902298,1497051.6999999995
231,0208020V0,Warfarin Sodium,2010-12-01,829252,1496631.5599999996
232,0208020V0,Warfarin Sodium,2017-09-01,769249,965434.3799000052
233,0208020V0,Warfarin Sodium,2018-02-01,663708,740344.6682300011
234,0208020V0,Warfarin Sodium,2011-07-01,772017,1315042.4299999992
235,0208020V0,Warfarin Sodium,2016-02-01,878767,1426384.4099999995
236,0208020V0,Warfarin Sodium,2013-12-01,985037,1617075.4999999988
237,0208020V0,Warfarin Sodium,2010-10-01,725545,1303945.5100000007
238,0208020V0,Warfarin Sodium,2016-12-01,917265,1358867.5699999996
239,0208020V0,Warfarin Sodium,2016-04-01,934087,1505465.59
240,0208020V0,Warfarin Sodium,2011-05-01,772802,1290674.8399999996
241,0208020V0,Warfarin Sodium,2010-08-01,716612,1601855.4500000007
242,0208020V0,Warfarin Sodium,2012-12-01,904971,1250500.9000000006
243,0208020V0,Warfarin Sodium,2016-09-01,892092,1291582.67
244,0208020V0,Warfarin Sodium,2011-03-01,800648,1462201.7399999998
245,0208020V0,Warfarin Sodium,2016-08-01,893704,1291010.4699999993
246,0208020V0,Warfarin Sodium,2016-06-01,917527,1348468.210000001
247,0208020V0,Warfarin Sodium,2014-12-01,1059040,1960583.4100000004
248,0208020V0,Warfarin Sodium,2011-12-01,870152,1273343.0499999998
249,0208020V0,Warfarin Sodium,2014-06-01,941265,1478368.9400000006
250,0208020V0,Warfarin Sodium,2012-03-01,852352,1429839.2799999989
251,0208020V0,Warfarin Sodium,2017-03-01,871454,1214961.0752500007
252,0208020V0,Warfarin Sodium,2014-09-01,967585,1577375.209999999
253,0208020V0,Warfarin Sodium,2012-04-01,796855,1303024.1600000004
254,0208020V0,Warfarin Sodium,2013-11-01,932479,1526301.6299999994
255,0208020V0,Warfarin Sodium,2015-12-01,1039286,1927094.4300000009
256,0208020V0,Warfarin Sodium,2012-08-01,892246,1486503.4599999988
257,0208020V0,Warfarin Sodium,2012-01-01,789916,1322990.839999999
258,0208020V0,Warfarin Sodium,2012-02-01,785050,1315292.9900000005
259,0208020V0,Warfarin Sodium,2013-06-01,867319,1431610.83
260,0208020V0,Warfarin Sodium,2013-01-01,903209,1322223.1199999994
261,0208020V0,Warfarin Sodium,2015-05-01,939270,1799846.4300000002
262,0208020V0,Warfarin Sodium,2011-06-01,791485,1313095.1199999994
263,0208020V0,Warfarin Sodium,2011-01-01,699460,1276687.2100000002
264,0208020V0,Warfarin Sodium,2014-01-01,959062,1606852.0199999993
265,0208020V0,Warfarin Sodium,2015-01-01,962834,1820323.1800000004
266,0208020V0,Warfarin Sodium,2012-09-01,822404,1358679.2900000003
267,0208020V0,Warfarin Sodium,2015-04-01,964831,1850277.1000000003
268,0208020V0,Warfarin Sodium,2011-09-01,821372,1396374.5500000014
269,0208020V0,Warfarin Sodium,2011-08-01,798560,1355680.7999999996
270,0208020V0,Warfarin Sodium,2016-07-01,887399,1288014.9299999995
271,0208020V0,Warfarin Sodium,2018-03-01,727171,810751.4016200022
272,0208020V0,Warfarin Sodium,2013-07-01,952520,1625846.8700000008
273,0208020V0,Warfarin Sodium,2010-09-01,761936,1703657.8600000013
274,0208020V0,Warfarin Sodium,2015-08-01,911709,1662398.06
275,0208020V0,Warfarin Sodium,2013-03-01,883831,1296234.9699999995
276,0208020V0,Warfarin Sodium,2017-11-01,769956,980234.8865099829
277,0208020V0,Warfarin Sodium,2015-02-01,885739,1677517.4999999998
278,0208020V0,Warfarin Sodium,2011-04-01,729998,1208510.0499999993
279,0208020V0,Warfarin Sodium,2017-12-01,776121,985835.2369199952
280,0208020V0,Warfarin Sodium,2014-02-01,870497,1453932.490000001
281,0208020V0,Warfarin Sodium,2016-11-01,882595,1305742.0700000008
282,0208020V0,Warfarin Sodium,2018-01-01,747331,828592.5153399968
283,0208020V0,Warfarin Sodium,2013-10-01,963737,1582161.0799999998
284,0208020V0,Warfarin Sodium,2017-02-01,765474,1065256.4240800007
285,0208020V0,Warfarin Sodium,2014-04-01,937809,1467370.0000000002
286,0208020V0,Warfarin Sodium,2014-07-01,1004406,1632298.6800000002
287,0208020V0,Warfarin Sodium,2015-09-01,964764,1763008.75
288,0208020V0,Warfarin Sodium,2014-03-01,931675,1558475.3099999994
289,0208020V0,Warfarin Sodium,2012-06-01,816491,1331491.7599999998
290,0208020V0,Warfarin Sodium,2014-11-01,917955,1690373.4499999986
291,0208020V0,Warfarin Sodium,2017-07-01,788069,1076238.0687800013
292,0208020V0,Warfarin Sodium,2015-03-01,975069,1849506.0199999996
293,0208020V0,Warfarin Sodium,2017-01-01,828629,1152367.6332899993
294,0208020V0,Warfarin Sodium,2014-05-01,968669,1521572.0900000008
295,0208020V0,Warfarin Sodium,2013-05-01,950050,1574798.6999999997
296,0208020V0,Warfarin Sodium,2011-02-01,701288,1284509.4899999993
297,0208020V0,Warfarin Sodium,2017-10-01,763465,965183.2504500174
298,0208020V0,Warfarin Sodium,2011-10-01,768193,1124509.079999999
299,0208020V0,Warfarin Sodium,2010-11-01,748555,1352662.860000001
300,0208020V0,Warfarin Sodium,2013-09-01,898209,1530173.4100000013
301,0208020V0,Warfarin Sodium,2012-05-01,884438,1451224.9700000002
302,0208020V0,Warfarin Sodium,2013-08-01,940599,1598920.1400000004
303,0208020V0,Warfarin Sodium,2015-06-01,968408,1862632.6999999995
304,0208020V0,Warfarin Sodium,2012-10-01,889272,1220957.3000000017
305,0208020V0,Warfarin Sodium,2014-10-01,1015175,1872214.5100000019
306,0208020V0,Warfarin Sodium,2011-11-01,811641,1183777.7100000007
307,0208020V0,Warfarin Sodium,2013-02-01,817928,1196619.2400000005
308,0208020V0,Warfarin Sodium,2017-08-01,796954,989072.7028200047
309,0208020V0,Warfarin Sodium,2016-01-01,889024,1438184.6600000001
310,0208020V0,Warfarin Sodium,2017-06-01,826509,1128337.1185899978
311,0208020V0,Warfarin Sodium,2016-05-01,885288,1430537.87
312,0208020V0,Warfarin Sodium,2018-04-01,689676,538024.6486499985
313,0208020X0,Dabigatran Etexilate,2013-11-01,17914,1023726.9399999995
314,0208020X0,Dabigatran Etexilate,2010-08-01,62,4643.48
315,0208020X0,Dabigatran Etexilate,2012-11-01,7526,412702.6399999997
316,0208020X0,Dabigatran Etexilate,2016-04-01,33986,1556758.410000003
317,0208020X0,Dabigatran Etexilate,2015-10-01,32318,1874029.7299999993
318,0208020X0,Dabigatran Etexilate,2017-10-01,39142,1814264.4369299947
319,0208020X0,Dabigatran Etexilate,2012-09-01,5251,292124.4599999999
320,0208020X0,Dabigatran Etexilate,2016-06-01,34832,1591201.7899999998
321,0208020X0,Dabigatran Etexilate,2010-12-01,98,8070.960000000005
322,0208020X0,Dabigatran Etexilate,2012-08-01,5013,275425.81999999983
323,0208020X0,Dabigatran Etexilate,2017-08-01,38969,1800584.27786999
324,0208020X0,Dabigatran Etexilate,2011-01-01,86,7048.630000000003
325,0208020X0,Dabigatran Etexilate,2014-12-01,29233,1701458.320000001
326,0208020X0,Dabigatran Etexilate,2013-12-01,19504,1114463.8699999996
327,0208020X0,Dabigatran Etexilate,2015-09-01,31900,1856987.7699999984
328,0208020X0,Dabigatran Etexilate,2016-01-01,31230,1820313.1199999994
329,0208020X0,Dabigatran Etexilate,2010-11-01,89,7995.59
330,0208020X0,Dabigatran Etexilate,2011-10-01,389,23865.16999999997
331,0208020X0,Dabigatran Etexilate,2015-03-01,29247,1686131.1700000004
332,0208020X0,Dabigatran Etexilate,2014-06-01,22481,1278470.9199999995
333,0208020X0,Dabigatran Etexilate,2016-10-01,35119,1603490.780000001
334,0208020X0,Dabigatran Etexilate,2014-09-01,25343,1458844.9600000004
335,0208020X0,Dabigatran Etexilate,2015-04-01,29392,1711144.320000001
336,0208020X0,Dabigatran Etexilate,2013-07-01,15680,868096.3400000002
337,0208020X0,Dabigatran Etexilate,2016-09-01,36091,1653357.1399999976
338,0208020X0,Dabigatran Etexilate,2016-11-01,36766,1682424.5199999993
339,0208020X0,Dabigatran Etexilate,2012-01-01,943,58105.669999999955
340,0208020X0,Dabigatran Etexilate,2011-03-01,100,9141.52
341,0208020X0,Dabigatran Etexilate,2017-12-01,40318,1889595.1158200013
342,0208020X0,Dabigatran Etexilate,2011-05-01,136,12365.25
343,0208020X0,Dabigatran Etexilate,2011-08-01,163,16078.55
344,0208020X0,Dabigatran Etexilate,2017-06-01,39956,1855414.5804899852
345,0208020X0,Dabigatran Etexilate,2014-03-01,20940,1189953.6600000001
346,0208020X0,Dabigatran Etexilate,2015-07-01,32304,1876438.0499999996
347,0208020X0,Dabigatran Etexilate,2013-04-01,12245,677845.9499999996
348,0208020X0,Dabigatran Etexilate,2016-05-01,33100,1500225.790000003
349,0208020X0,Dabigatran Etexilate,2017-01-01,34984,1588310.962389998
350,0208020X0,Dabigatran Etexilate,2014-08-01,24289,1391327.4200000004
351,0208020X0,Dabigatran Etexilate,2017-07-01,38072,1763199.421190005
352,0208020X0,Dabigatran Etexilate,2018-01-01,39972,1864403.2399299978
353,0208020X0,Dabigatran Etexilate,2011-09-01,293,17952.77
354,0208020X0,Dabigatran Etexilate,2013-03-01,11227,621426.8200000004
355,0208020X0,Dabigatran Etexilate,2012-06-01,3062,166288.94999999992
356,0208020X0,Dabigatran Etexilate,2015-11-01,31349,1833788.92
357,0208020X0,Dabigatran Etexilate,2017-11-01,39664,1847065.1991200666
358,0208020X0,Dabigatran Etexilate,2012-10-01,6569,358997.4100000001
359,0208020X0,Dabigatran Etexilate,2012-02-01,1072,64172.37999999997
360,0208020X0,Dabigatran Etexilate,2015-06-01,30642,1776777.500000001
361,0208020X0,Dabigatran Etexilate,2018-02-01,36158,1685291.1782700056
362,0208020X0,Dabigatran Etexilate,2011-06-01,150,14047.479999999996
363,0208020X0,Dabigatran Etexilate,2011-11-01,550,33874.30999999999
364,0208020X0,Dabigatran Etexilate,2016-07-01,34373,1576330.8800000008
365,0208020X0,Dabigatran Etexilate,2015-08-01,30013,1741873.7299999997
366,0208020X0,Dabigatran Etexilate,2014-04-01,21620,1233826.3000000005
367,0208020X0,Dabigatran Etexilate,2013-10-01,18006,1022845.0599999998
368,0208020X0,Dabigatran Etexilate,2017-02-01,34201,1577828.3680500067
369,0208020X0,Dabigatran Etexilate,2013-01-01,9350,516158.08000000025
370,0208020X0,Dabigatran Etexilate,2017-05-01,38620,1792585.6541100172
371,0208020X0,Dabigatran Etexilate,2012-04-01,1759,105503.04000000005
372,0208020X0,Dabigatran Etexilate,2011-12-01,798,48270.40000000001
373,0208020X0,Dabigatran Etexilate,2013-09-01,15930,898567.7299999996
374,0208020X0,Dabigatran Etexilate,2012-03-01,1491,90227.52000000003
375,0208020X0,Dabigatran Etexilate,2012-05-01,2571,136339.36
376,0208020X0,Dabigatran Etexilate,2014-11-01,25198,1446449.31
377,0208020X0,Dabigatran Etexilate,2018-04-01,38962,1822610.1109999837
378,0208020X0,Dabigatran Etexilate,2012-12-01,8358,460125.7299999999
379,0208020X0,Dabigatran Etexilate,2016-03-01,33327,1508103.5300000003
380,0208020X0,Dabigatran Etexilate,2011-07-01,157,15592.940000000004
381,0208020X0,Dabigatran Etexilate,2017-09-01,38182,1788549.0627199686
382,0208020X0,Dabigatran Etexilate,2015-05-01,29084,1689093.9799999993
383,0208020X0,Dabigatran Etexilate,2012-07-01,3854,210565.72000000012
384,0208020X0,Dabigatran Etexilate,2014-07-01,25233,1453705.7599999995
385,0208020X0,Dabigatran Etexilate,2016-12-01,38432,1777469.8999999985
386,0208020X0,Dabigatran Etexilate,2014-01-01,19914,1134456.75
387,0208020X0,Dabigatran Etexilate,2014-05-01,22859,1313240.5699999996
388,0208020X0,Dabigatran Etexilate,2011-04-01,130,11815.440000000011
389,0208020X0,Dabigatran Etexilate,2011-02-01,105,8890.250000000004
390,0208020X0,Dabigatran Etexilate,2015-01-01,27571,1591422.9299999997
391,0208020X0,Dabigatran Etexilate,2014-02-01,18762,1066009.5399999998
392,0208020X0,Dabigatran Etexilate,2010-09-01,64,4937.22
393,0208020X0,Dabigatran Etexilate,2016-08-01,35430,1624139.8999999994
394,0208020X0,Dabigatran Etexilate,2017-04-01,35776,1643116.2977599977
395,0208020X0,Dabigatran Etexilate,2010-10-01,72,6130.37
396,0208020X0,Dabigatran Etexilate,2013-08-01,16146,912350.7899999999
397,0208020X0,Dabigatran Etexilate,2013-06-01,13572,754761.5499999999
398,0208020X0,Dabigatran Etexilate,2015-12-01,34792,2042007.0799999998
399,0208020X0,Dabigatran Etexilate,2013-05-01,13716,766756.7200000002
400,0208020X0,Dabigatran Etexilate,2014-10-01,27267,1572667.9100000001
401,0208020X0,Dabigatran Etexilate,2017-03-01,39382,1812378.3222000059
402,0208020X0,Dabigatran Etexilate,2018-03-01,39869,1857288.427340017
403,0208020X0,Dabigatran Etexilate,2013-02-01,9604,524016.11000000045
404,0208020X0,Dabigatran Etexilate,2015-02-01,25961,1495052.9399999992
405,0208020X0,Dabigatran Etexilate,2016-02-01,31241,1416076.7600000068
406,0208020Y0,Rivaroxaban,2014-11-01,71300,3519939.2300000004
407,0208020Y0,Rivaroxaban,2016-08-01,222822,9897999.950000005
408,0208020Y0,Rivaroxaban,2016-10-01,229201,10188959.69999994
409,0208020Y0,Rivaroxaban,2012-05-01,318,15849.380000000005
410,0208020Y0,Rivaroxaban,2016-01-01,167137,7341471.660000006
411,0208020Y0,Rivaroxaban,2013-06-01,13085,617076.06
412,0208020Y0,Rivaroxaban,2010-10-01,147,12469.599999999993
413,0208020Y0,Rivaroxaban,2016-05-01,195558,8659125.499999994
414,0208020Y0,Rivaroxaban,2014-08-01,57923,2832465.6700000004
415,0208020Y0,Rivaroxaban,2015-04-01,108479,5451840.289999998
416,0208020Y0,Rivaroxaban,2016-09-01,228791,10183344.170000006
417,0208020Y0,Rivaroxaban,2016-06-01,209453,9285549.250000004
418,0208020Y0,Rivaroxaban,2013-10-01,23650,1134588.2599999995
419,0208020Y0,Rivaroxaban,2017-09-01,283438,12888038.37138011
420,0208020Y0,Rivaroxaban,2013-01-01,5319,246936.7
421,0208020Y0,Rivaroxaban,2017-06-01,280399,12656619.956070114
422,0208020Y0,Rivaroxaban,2013-07-01,16700,783563.79
423,0208020Y0,Rivaroxaban,2015-06-01,124084,6227919.160000002
424,0208020Y0,Rivaroxaban,2015-07-01,137561,6945753.990000004
425,0208020Y0,Rivaroxaban,2017-10-01,294925,13345455.890169676
426,0208020Y0,Rivaroxaban,2017-03-01,271545,12275318.03756003
427,0208020Y0,Rivaroxaban,2012-04-01,198,9324.549999999996
428,0208020Y0,Rivaroxaban,2011-03-01,142,11159.809999999996
429,0208020Y0,Rivaroxaban,2014-07-01,57008,2784504.7
430,0208020Y0,Rivaroxaban,2010-12-01,128,9907.219999999998
431,0208020Y0,Rivaroxaban,2012-06-01,457,22447.82000000001
432,0208020Y0,Rivaroxaban,2017-02-01,232266,10400980.356269969
433,0208020Y0,Rivaroxaban,2018-03-01,316658,14564807.402159883
434,0208020Y0,Rivaroxaban,2011-04-01,135,11261.300000000001
435,0208020Y0,Rivaroxaban,2018-02-01,283430,12920130.677699752
436,0208020Y0,Rivaroxaban,2014-09-01,63784,3137914.040000001
437,0208020Y0,Rivaroxaban,2011-06-01,127,9627.650000000003
438,0208020Y0,Rivaroxaban,2011-05-01,127,9743.219999999998
439,0208020Y0,Rivaroxaban,2018-04-01,310793,14260722.44832039
440,0208020Y0,Rivaroxaban,2011-01-01,105,8646.619999999999
441,0208020Y0,Rivaroxaban,2010-09-01,161,13703.159999999996
442,0208020Y0,Rivaroxaban,2013-09-01,19944,951532.6
443,0208020Y0,Rivaroxaban,2012-11-01,3263,149550.62999999998
444,0208020Y0,Rivaroxaban,2016-03-01,189121,8343072.800000004
445,0208020Y0,Rivaroxaban,2013-11-01,25276,1226406.6199999999
446,0208020Y0,Rivaroxaban,2014-04-01,41687,2014291.1600000001
447,0208020Y0,Rivaroxaban,2012-07-01,874,41939.160000000054
448,0208020Y0,Rivaroxaban,2017-05-01,274676,12416197.044930099
449,0208020Y0,Rivaroxaban,2015-05-01,112573,5666898.149999997
450,0208020Y0,Rivaroxaban,2012-03-01,195,9011.49
451,0208020Y0,Rivaroxaban,2014-05-01,46163,2249935.229999998
452,0208020Y0,Rivaroxaban,2011-10-01,106,8998.779999999997
453,0208020Y0,Rivaroxaban,2015-01-01,88234,4396233.290000002
454,0208020Y0,Rivaroxaban,2011-09-01,89,6844.540000000001
455,0208020Y0,Rivaroxaban,2012-09-01,1726,79150.64999999995
456,0208020Y0,Rivaroxaban,2011-07-01,110,8710.56
457,0208020Y0,Rivaroxaban,2011-08-01,101,7215.040000000004
458,0208020Y0,Rivaroxaban,2015-08-01,132025,6666589.500000004
459,0208020Y0,Rivaroxaban,2012-02-01,138,6380.0799999999945
460,0208020Y0,Rivaroxaban,2016-02-01,172171,7558855.480000015
461,0208020Y0,Rivaroxaban,2015-03-01,104082,5187732.889999995
462,0208020Y0,Rivaroxaban,2013-02-01,6200,284500.9900000001
463,0208020Y0,Rivaroxaban,2014-01-01,31983,1560143.4200000002
464,0208020Y0,Rivaroxaban,2015-02-01,88040,4358947.35
465,0208020Y0,Rivaroxaban,2016-11-01,241991,10767159.079999976
466,0208020Y0,Rivaroxaban,2016-04-01,197977,8774201.000000011
467,0208020Y0,Rivaroxaban,2013-12-01,29270,1408684.8799999994
468,0208020Y0,Rivaroxaban,2017-08-01,287276,12999177.603989862
469,0208020Y0,Rivaroxaban,2014-06-01,48061,2327068.089999998
470,0208020Y0,Rivaroxaban,2014-12-01,87465,4342350.650000001
471,0208020Y0,Rivaroxaban,2013-08-01,18539,883854.29
472,0208020Y0,Rivaroxaban,2011-11-01,107,9384.84
473,0208020Y0,Rivaroxaban,2010-11-01,147,12093.68000000001
474,0208020Y0,Rivaroxaban,2012-10-01,2405,111377.87000000001
475,0208020Y0,Rivaroxaban,2015-11-01,155206,7934703.940000001
476,0208020Y0,Rivaroxaban,2013-03-01,8023,378260.5199999998
477,0208020Y0,Rivaroxaban,2013-05-01,12053,570920.9899999999
478,0208020Y0,Rivaroxaban,2012-01-01,93,4101.750000000001
479,0208020Y0,Rivaroxaban,2015-09-01,145647,7389779.389999999
480,0208020Y0,Rivaroxaban,2017-12-01,303631,13905838.494780183
481,0208020Y0,Rivaroxaban,2017-04-01,247837,11155772.929040022
482,0208020Y0,Rivaroxaban,2016-07-01,211317,9394987.600000015
483,0208020Y0,Rivaroxaban,2010-08-01,135,10802.019999999999
484,0208020Y0,Rivaroxaban,2018-01-01,309650,14143610.833810218
485,0208020Y0,Rivaroxaban,2011-02-01,122,10284.860000000002
486,0208020Y0,Rivaroxaban,2017-07-01,277889,12545598.973549925
487,0208020Y0,Rivaroxaban,2016-12-01,251957,11369887.009999976
488,0208020Y0,Rivaroxaban,2015-12-01,178328,9171180.180000031
489,0208020Y0,Rivaroxaban,2012-12-01,4200,194077.5299999999
490,0208020Y0,Rivaroxaban,2011-12-01,108,8164.590000000001
491,0208020Y0,Rivaroxaban,2013-04-01,9774,454390.8700000002
492,0208020Y0,Rivaroxaban,2015-10-01,153340,7790924.65
493,0208020Y0,Rivaroxaban,2014-02-01,31887,1540452.6800000006
494,0208020Y0,Rivaroxaban,2017-01-01,242910,10856548.776349993
495,0208020Y0,Rivaroxaban,2012-08-01,1325,62836.080000000016
496,0208020Y0,Rivaroxaban,2014-03-01,38072,1853411.1899999992
497,0208020Y0,Rivaroxaban,2017-11-01,300774,13659235.761210388
498,0208020Y0,Rivaroxaban,2014-10-01,72971,3586170.959999999
499,0208020Z0,Apixaban,2016-02-01,96700,5002047.309999993
500,0208020Z0,Apixaban,2013-08-01,1297,66870.85
501,0208020Z0,Apixaban,2011-11-01,1,94.86
502,0208020Z0,Apixaban,2016-11-01,182850,8206913.900000037
503,0208020Z0,Apixaban,2012-12-01,12,750.91
504,0208020Z0,Apixaban,2017-12-01,318195,14452952.700270012
505,0208020Z0,Apixaban,2014-11-01,20990,1079491.1700000006
506,0208020Z0,Apixaban,2012-09-01,2,88.74
507,0208020Z0,Apixaban,2018-01-01,329791,14885798.905269975
508,0208020Z0,Apixaban,2017-04-01,218109,9826954.468229989
509,0208020Z0,Apixaban,2015-07-01,59219,3048010.6100000003
510,0208020Z0,Apixaban,2012-11-01,6,401.72
511,0208020Z0,Apixaban,2015-02-01,29866,1544538.2600000007
512,0208020Z0,Apixaban,2014-07-01,12707,654622.16
513,0208020Z0,Apixaban,2016-04-01,119336,5373846.429999998
514,0208020Z0,Apixaban,2016-12-01,198092,8992920.83000001
515,0208020Z0,Apixaban,2017-02-01,192703,8665964.752390007
516,0208020Z0,Apixaban,2013-03-01,123,6195.33
517,0208020Z0,Apixaban,2014-02-01,4892,253179.31000000014
518,0208020Z0,Apixaban,2013-02-01,66,3214.1499999999996
519,0208020Z0,Apixaban,2016-08-01,154121,6911988.46
520,0208020Z0,Apixaban,2018-03-01,348529,15822596.432380013
521,0208020Z0,Apixaban,2013-01-01,34,2193.48
522,0208020Z0,Apixaban,2013-10-01,2358,124522.82000000004
523,0208020Z0,Apixaban,2012-07-01,1,47.61
524,0208020Z0,Apixaban,2017-08-01,277197,12472820.395489942
525,0208020Z0,Apixaban,2013-11-01,2877,151250.30000000002
526,0208020Z0,Apixaban,2017-10-01,295404,13286313.369030043
527,0208020Z0,Apixaban,2013-06-01,516,28938.78000000002
528,0208020Z0,Apixaban,2014-10-01,19960,1034682.58
529,0208020Z0,Apixaban,2016-01-01,90482,4666319.600000006
530,0208020Z0,Apixaban,2014-08-01,13695,710416.2100000001
531,0208020Z0,Apixaban,2015-04-01,40932,2111156.01
532,0208020Z0,Apixaban,2014-03-01,6156,321794.0699999999
533,0208020Z0,Apixaban,2017-07-01,262290,11794756.070390018
534,0208020Z0,Apixaban,2015-05-01,44117,2283272.169999999
535,0208020Z0,Apixaban,2017-01-01,194898,8756510.303919999
536,0208020Z0,Apixaban,2015-10-01,73951,3828256.279999998
537,0208020Z0,Apixaban,2014-01-01,4505,233420.24999999988
538,0208020Z0,Apixaban,2013-04-01,228,12150.570000000005
539,0208020Z0,Apixaban,2015-11-01,77543,4008736.070000001
540,0208020Z0,Apixaban,2016-06-01,136490,6131963.930000007
541,0208020Z0,Apixaban,2015-08-01,58770,3030027.5599999996
542,0208020Z0,Apixaban,2015-09-01,67364,3489946.5499999956
543,0208020Z0,Apixaban,2018-04-01,348733,15765078.76992995
544,0208020Z0,Apixaban,2012-06-01,2,189.64
545,0208020Z0,Apixaban,2018-02-01,307735,13863842.483990066
546,0208020Z0,Apixaban,2017-05-01,246597,11128851.84093012
547,0208020Z0,Apixaban,2017-11-01,307212,13846926.860900085
548,0208020Z0,Apixaban,2016-09-01,163397,7373482.82
549,0208020Z0,Apixaban,2017-03-01,231996,10468507.531750022
550,0208020Z0,Apixaban,2015-01-01,28504,1476626.85
551,0208020Z0,Apixaban,2012-08-01,7,265.88
552,0208020Z0,Apixaban,2015-03-01,37252,1919457.2100000004
553,0208020Z0,Apixaban,2013-09-01,1632,84538.70000000001
554,0208020Z0,Apixaban,2014-09-01,16333,848918.6200000002
555,0208020Z0,Apixaban,2014-06-01,9883,506429.6899999999
556,0208020Z0,Apixaban,2016-07-01,141835,6394943.709999987
557,0208020Z0,Apixaban,2015-06-01,50583,2597498.4400000004
558,0208020Z0,Apixaban,2016-03-01,110511,5723538.140000007
559,0208020Z0,Apixaban,2012-10-01,3,142.39000000000001
560,0208020Z0,Apixaban,2014-05-01,8788,457888.96
561,0208020Z0,Apixaban,2016-05-01,123044,5520116.789999989
562,0208020Z0,Apixaban,2014-04-01,7283,377280.8200000003
563,0208020Z0,Apixaban,2013-07-01,898,47308.22999999999
564,0208020Z0,Apixaban,2013-12-01,3724,195633.5299999998
565,0208020Z0,Apixaban,2016-10-01,167327,7506900.3200000245
566,0208020Z0,Apixaban,2014-12-01,27307,1413083.1999999997
567,0208020Z0,Apixaban,2015-12-01,93620,4875916.030000005
568,0208020Z0,Apixaban,2017-09-01,277837,12554003.455769975
569,0208020Z0,Apixaban,2013-05-01,396,21259.99999999999
570,0208020Z0,Apixaban,2017-06-01,258649,11662552.488830043
