chemical_code,chemical,items,actualcost
0212000B0,Atorvastatin,41785033,48802362.495609745
0602010V0,Levothyroxine Sodium,32158560,62650764.36513006
0103050P0,Omeprazole,30970698,42254127.57838958
0206020A0,Amlodipine,29027041,38606078.933120094
0205051R0,Ramipril,28580631,39040549.077609874
0103050L0,Lansoprazole,25415939,27957241.821229875
0212000Y0,Simvastatin,24284574,21004843.67923973
0204000H0,Bisoprolol Fumarate,23583855,15129290.668089934
0906040G0,Colecalciferol,23568479,87049934.72282943
0209000A0,Aspirin,23370058,13901444.885079999
0601022B0,Metformin Hydrochloride,21783537,85769466.69756229
0301011R0,Salbutamol,21542393,52393864.73279981
0407010H0,Paracetamol,18473109,41165753.13859014
0407010F0,Co-Codamol (Codeine Phos/Paracetamol),15134341,61622626.257349215
0403030Q0,Sertraline Hydrochloride,14699447,15082919.48799997
0403030D0,Citalopram Hydrobromide,14107644,22990258.66340002
0403010B0,Amitriptyline Hydrochloride,13507053,26527658.991769966
0202020L0,Furosemide,11920067,13075909.68882001
0302000C0,Beclometasone Dipropionate,10653368,214352320.79236937
1404000H0,Influenza,10289224,84980272.85225011
0202010B0,Bendroflumethiazide,9962466,5261925.868579991
0205052N0,Losartan Potassium,9834673,22569318.230150178
0209000C0,Clopidogrel,9745106,12970452.8202
0403040X0,Mirtazapine,8872910,12825367.255670102
0205051L0,Lisinopril,8860291,9103160.224630017
0208020V0,Warfarin Sodium,8229879,8371018.32977
0501013B0,Amoxicillin,7965649,8447498.044950122
0901020G0,Folic Acid,7906419,5607677.081029966
0408010G0,Gabapentin,7348298,43189704.66917998
0704010U0,Tamsulosin Hydrochloride,7180027,29074166.941450104
0601021M0,Gliclazide,7115703,19770028.19721002
0204000E0,Atenolol,7093235,4680416.280909988
0603020T0,Prednisolone,7087542,12420644.011120008
1001010P0,Naproxen,7077485,26328681.602959663
0408010AE,Pregabalin,6958636,35827277.69628985
0601060D0,Glucose Blood Testing Reagents,6928124,157308786.9819893
0205052C0,Candesartan Cilexetil,6892002,14885494.76635007
130201000,Other Emollient Preps,6691839,43825267.228090234
0403030E0,Fluoxetine Hydrochloride,6651568,11722710.874820009
0205040D0,Doxazosin Mesilate,6593093,13065117.076360034
040702040,Tramadol Hydrochloride,6334560,25200332.92340959
212200002,DUMMY CHEMICAL SUBSTANCE 212200002,6312600,31724659.08731993
0106040M0,Macrogol 3350,6196671,37321565.4786694
0606020A0,Alendronic Acid,6080127,5421797.891029992
0103010T0,Ranitidine Hydrochloride,5932285,7828120.478729995
1001040C0,Allopurinol,5788640,11531588.945479982
0204000R0,Propranolol Hydrochloride,5275746,25174413.280200053
0401010Z0,Zopiclone,5242138,3245993.3248000205
0302000N0,Fluticasone Propionate (Inh),5155648,199431627.93758577
0304010I0,Cetirizine Hydrochloride,5091160,4729214.32316999
0407020Q0,Morphine Sulfate,4992660,32098406.45423012
0401020K0,Diazepam,4941807,6602854.657669981
0407020C0,Codeine Phosphate,4859077,11219601.841299962
0206010K0,Isosorbide Mononitrate,4685857,16943437.38858973
0901011F0,Ferrous Fumarate,4661271,10606348.251319928
0202010P0,Indapamide,4615242,8543221.95268
0208020Z0,Apixaban,4560045,206904582.45226935
0205051M0,Perindopril Erbumine,4538234,24706134.037880022
1304000V0,Hydrocortisone,4412211,11420888.06467005
0403040W0,Venlafaxine,4364691,27456712.665369976
0101021B0,Alginic Acid Compound Preparations,4225535,21264220.710579444
0301020Q0,Tiotropium,4204711,127960639.12451859
0501012G0,Flucloxacillin Sodium,4001291,17505985.472180035
0501130R0,Nitrofurantoin,3973444,34884006.636309974
0208020Y0,Rivaroxaban,3912605,180187459.8466208
0106020M0,Senna,3896891,6314515.990780007
090402000,Enteral Nutrition,3872902,228431195.48543063
0302000K0,Budesonide,3829373,128968230.7619515
1003020P0,Ibuprofen,3748464,12039230.518219912
0206020F0,Felodipine,3677775,22504923.41180994
0604020C0,Finasteride,3556879,3750406.6105900016
0704050Z0,Sildenafil (Erectile Dysfunction),3439377,4258210.834329996
0402010AB,Quetiapine,3415219,54710644.236530066
1304000F0,Betamethasone Valerate,3242880,16604435.531069864
0304010E0,Fexofenadine Hydrochloride,3143938,9520475.91312997
210109006,DUMMY CHEMICAL SUBSTANCE 210109006,3050063,22401309.45813026
0703010F0,Combined Ethinylestradiol 30mcg,3019015,18232169.801599886
0201010F0,Digoxin,3019001,4144122.9583700243
213000001,DUMMY CHEMICAL SUBSTANCE 213000001,3000133,28912929.824789833
0106040G0,Lactulose,2894226,7124719.9546400085
0303020G0,Montelukast,2850585,4536267.016919996
0906026M0,Thiamine Hydrochloride,2834983,7103723.878630014
0501030I0,Doxycycline Hyclate,2781169,3371521.069370007
0703021Q0,Desogestrel,2757664,13129868.453599976
0504010Y0,Quinine Sulfate,2754172,4420169.820930002
0408010H0,Lamotrigine,2733032,33331295.556069907
0206020C0,Diltiazem Hydrochloride,2732545,25651120.23223993
0901011P0,Ferrous Sulfate,2730872,6031293.657709995
0202030S0,Spironolactone,2695457,4225152.810009984
1106000L0,Latanoprost,2661903,28123388.96244015
0901020N0,Hydroxocobalamin,2614571,5551018.6379700005
0212000X0,Pravastatin Sodium,2593595,2607124.7957900143
0307000J0,Carbocisteine,2558746,12904149.195860015
0601023X0,Sitagliptin,2537251,85744111.75617068
0408010W0,Sodium Valproate,2523938,30322744.227650117
0206020L0,Lercanidipine Hydrochloride,2490152,10883947.02997999
0704020AB,Solifenacin,2390489,69022479.82062007
040201060,Olanzapine,2380179,27266526.31787027
0501011P0,Phenoxymethylpenicillin (Penicillin V),2331709,11887289.323319895
0403040Y0,Duloxetine Hydrochloride,2291498,16489024.430350011
0408010C0,Carbamazepine,2287348,13286728.99570002
0212000AA,Rosuvastatin Calcium,2248019,17228648.25102008
0407020B0,Buprenorphine,2221106,44173477.62828055
1202010C0,Beclometasone Dipropionate,2214537,5870892.539179986
0408010A0,Levetiracetam,2198493,52993579.53916976
0106020I0,Docusate Sodium,2177735,10022093.158120034
0501050B0,Clarithromycin,2160778,5068279.452650007
1108010F0,Hypromellose,2122855,3825169.9837799775
0304010D0,Loratadine,2102055,1590267.408030004
0906027G0,Vitamin B Compound,2100618,15632151.336049957
0102000P0,Mebeverine Hydrochloride,2056042,10769967.888450071
0411000D0,Donepezil Hydrochloride,2050864,1956171.0223900063
1001030U0,Methotrexate,2049126,16224392.727460014
1202010U0,Mometasone Furoate,2022792,4419682.654890004
1001010J0,Ibuprofen,1972022,5832080.911149979
1003020U0,Diclofenac Sodium,1970676,12591886.548850084
0501080W0,Trimethoprim,1941486,2782390.0002700062
0407010N0,Co-Dydramol (Dihydrocodeine/Paracet),1919805,5842091.562820002
0103050E0,Esomeprazole,1895781,9461983.312499931
0601023AE,Linagliptin,1871752,54757525.42558006
0206020R0,Nifedipine,1842993,13504486.287300015
0205052I0,Irbesartan,1840022,9505757.95063998
0601011A0,Insulin Aspart,1818044,77190037.96387987
0212000L0,Ezetimibe,1772826,38734968.67988004
0410030C0,Methadone Hydrochloride,1767189,10514798.949760005
0104020L0,Loperamide Hydrochloride,1752338,6009289.436430005
0206010F0,Glyceryl Trinitrate,1722106,4012875.65991997
0407020AD,Oxycodone Hydrochloride,1716055,43058174.199409775
210102301,DUMMY CHEMICAL SUBSTANCE 210102301,1707943,10101470.627330024
040201030,Risperidone,1705178,7395463.817550013
212200001,DUMMY CHEMICAL SUBSTANCE 212200001,1692099,10963865.983929846
0407041T0,Sumatriptan Succinate,1672220,31442333.335700024
0205051I0,Enalapril Maleate,1661035,5620994.972549995
0406000B0,Betahistine Hydrochloride,1655225,5778203.812590017
0202020D0,Bumetanide,1650390,3631607.535139998
1108010B0,Carbomer 940/980,1617877,5403702.9196000155
0407020G0,Dihydrocodeine Tartrate,1609599,5498215.388080002
0206030N0,Nicorandil,1560396,4361920.454679998
0704020J0,Oxybutynin,1551508,15855186.40446005
0406000T0,Prochlorperazine Maleate,1540080,7744419.737850013
1202010W0,Fluticasone Furoate,1532091,10140624.479930012
0601012V0,Insulin Glargine,1522420,72516034.630219
0102000N0,Hyoscine Butylbromide,1504607,6406656.606639984
213000007,DUMMY CHEMICAL SUBSTANCE 213000007,1473535,4258996.085809995
0105010B0,Mesalazine (Systemic),1438924,75251062.77121036
210109008,DUMMY CHEMICAL SUBSTANCE 210109008,1424640,10029705.974170044
210109007,DUMMY CHEMICAL SUBSTANCE 210109007,1411468,11013820.66601991
120101050,Dexamethasone,1377611,4538688.506840002
0501013K0,Co-Amoxiclav (Amoxicillin/Clavul Acid),1368739,3153904.559520027
0403030P0,Paroxetine Hydrochloride,1348575,4348534.73693002
1502010J0,Lidocaine Hydrochloride,1330981,19886427.91282997
1103010C0,Chloramphenicol,1310681,2160424.6871399824
210109004,DUMMY CHEMICAL SUBSTANCE 210109004,1295743,1992232.5670599914
0704020N0,Tolterodine,1292101,11594839.347750023
0103050R0,Pantoprazole,1269083,1410037.8645099895
0409010N0,Co-Careldopa (Carbidopa/Levodopa),1227411,11179284.600769999
0106020C0,Bisacodyl,1225328,5335761.047090002
0411000G0,Memantine Hydrochloride,1198987,5449691.561010008
0704020AE,Mirabegron,1191251,30691691.93100986
1304000H0,Clobetasone Butyrate,1189042,4627376.497359961
0106010E0,Ispaghula Husk,1186941,5468312.919029955
1001030C0,Hydroxychloroquine Sulfate,1174965,4805466.219090001
0604011L0,Estradiol with Progestogen,1173419,23194820.43451038
0302000V0,Fluticasone Furoate (Inh),1157521,32439298.25083007
0403010X0,Trazodone Hydrochloride,1146981,12444925.345019996
1106000AF,Bimatoprost,1146605,18461006.256990265
0304010G0,Chlorphenamine Maleate,1138792,2189651.9952499997
0304010W0,Promethazine Hydrochloride,1126085,3025445.2567900023
0407020A0,Fentanyl,1114873,43494695.031260155
1002020C0,Baclofen,1106776,2391146.909390006
0403030X0,Escitalopram,1092540,1875755.3405899857
1310012F0,Fusidic Acid,1079133,2215788.503160002
130201100,Emollient Bath & Shower Preparations,1077048,5873098.440920049
0501030L0,Lymecycline,1072693,7509700.780880011
0402010AD,Aripiprazole,1068625,7064433.1382800145
0604011G0,Estradiol,1067282,8671584.163669912
0401020P0,Lorazepam,1057434,4203613.56732
1305020D0,Calcipotriol,1048714,46745476.369919956
1104020T0,Sodium Cromoglicate,1029065,9834639.782789987
200301001,DUMMY CHEMICAL SUBSTANCE 200301001,1002237,6775430.586099997
0601023AK,Alogliptin,996770,27014849.938669953
0404000M0,Methylphenidate Hydrochloride,995542,31715832.652150184
0401010T0,Temazepam,991446,2533143.523029995
1106000AC,Brinzolamide,984682,3752503.121019991
090401000,Other Food For Special Diet Preps,979323,91230960.03066993
0601023AG,Dapagliflozin,971116,38308408.98793006
0409010K0,Co-Beneldopa (Benserazide/Levodopa),963420,5538151.2798299845
0408010F0,Clonazepam,961691,12271105.04263999
1202010M0,Fluticasone Propionate (Nsl),938295,11953441.012859927
0703022M0,Medroxyprogesterone Acetate,935515,5416431.440769995
0901020D0,Cyanocobalamin,934992,9314211.42300999
1106000AI,Timolol & Bimatoprost,927664,18240202.45751002
0503021C0,Aciclovir,920761,3007597.908390012
0406000F0,Cyclizine Hydrochloride,913331,3238478.423909997
040801050,Topiramate,903363,14414856.162930045
0401010AD,Melatonin,898534,29768149.646819934
0702010G0,Estradiol,896126,14001626.41347998
0409020S0,Procyclidine Hydrochloride,890250,5026352.7841300005
1302011L0,Light Liquid Paraffin,881355,5232074.854710003
090607000,Other Multivitamin Preps,871777,5028685.927279987
0402030K0,Lithium Carbonate,861813,1983409.5697999976
0702020F0,Clotrimazole,851768,5010858.054220006
0601023AN,Empagliflozin,845929,32440734.829270203
1304000G0,Clobetasol Propionate,839930,5431820.09751994
0105010E0,Sulfasalazine,838921,7697670.058289957
0601012W0,Biphasic Insulin Aspart,836511,40998473.170659974
0802010G0,Azathioprine,828968,2466492.9695999953
0803041L0,Letrozole,828346,2144015.4817100028
238020980,DUMMY CHEMICAL SUBSTANCE 238020980,816151,8531795.590610035
1310020H0,Clotrimazole,815667,1104267.8342600085
0601023B0,Pioglitazone Hydrochloride,811347,4768401.2270699935
0906040B0,Alfacalcidol,800114,7800798.521110029
0704050R0,Tadalafil,773183,17949296.125889834
1304000Y0,Mometasone Furoate,771736,3472292.9145400007
0410030A0,Buprenorphine Hydrochloride,766244,12936740.224100005
0406000P0,Metoclopramide Hydrochloride,747811,2152605.6244300017
0501021L0,Cefalexin,742474,1219971.2462
0501050A0,Azithromycin,725795,4549170.009680004
238031080,DUMMY CHEMICAL SUBSTANCE 238031080,725144,6191669.105379978
0601012D0,Biphasic Isophane Insulin,713934,23964846.87525996
0408010Q0,Phenytoin Sodium,711300,7618361.068960006
0202030X0,Eplerenone,709816,7507163.096160003
0403010J0,Dosulepin Hydrochloride,702876,2428553.6698400155
1106000AB,Dorzolamide & Timolol,695964,7399463.359669956
1404000S0,Typhoid,694039,6679755.480609989
0502030B0,Nystatin,686411,1405856.571430001
1309000I0,Ketoconazole,686388,2406855.614970016
0803041S0,Tamoxifen Citrate,677827,2717253.44916
0206020T0,Verapamil Hydrochloride,676881,4519020.088449998
0301020T0,Umeclidinium Brom,666562,19252622.699900184
0401010Y0,Zolpidem Tartrate,658068,460521.821960001
0601021A0,Glimepiride,651417,2924496.7033199947
0606020R0,Risedronate Sodium,649625,1051872.39524
0601012X0,Insulin Detemir,649100,36492532.10724984
0601012S0,Isophane Insulin,642921,17470750.329720028
1309000C0,Coal Tar,628412,3300507.1654300294
1001010C0,Diclofenac Sodium,623271,4276196.166810004
0107020J0,Hydrocortisone,621381,3534868.425650001
0409010H0,Ropinirole Hydrochloride,617847,16248414.075799989
0403010V0,Nortriptyline,607439,3625298.32443
1001022K0,Methylprednisolone Acetate,593097,3055317.459340006
1108010D0,Carmellose Sodium,585336,5481095.393930012
0501110C0,Metronidazole,583388,3167142.999750003
1203010E0,Benzydamine Hydrochloride,578520,2972789.44415002
0501120L0,Ciprofloxacin,578282,1549636.4246300024
0402030Q0,Valproic Acid,578193,7334811.230409996
190700000,Other Base/Dil/SuspAgent/StabiliserPreps,574719,18850066.825340044
0204000K0,Metoprolol Tartrate,572251,926557.8251700015
0803041B0,Anastrozole,571104,3447494.6681499872
0206020K0,Lacidipine,569528,2289476.440750003
020400080,Carvedilol,566419,1018396.0683199948
0204000AB,Nebivolol,564987,3581325.4899399825
0702010F0,Estriol,564496,8201165.249349994
1306010Y0,Benzoyl Peroxide & Clindamycin Phosphate,562128,9671913.786720028
0109040N0,Pancreatin,561924,30985478.25439012
0602020D0,Carbimazole,553329,14696945.533119967
1106000Z0,Timolol,552524,2226182.2912599957
0209000Z0,Ticagrelor,551935,27826814.72420999
0212000P0,Fenofibrate,550591,2932433.9370299857
0502010B0,Fluconazole,541733,1240762.584679997
0102000T0,Peppermint Oil,538618,4380689.638840035
0301011V0,Terbutaline Sulphate,538205,5747421.021650019
0407042Q0,Pizotifen Malate,526285,1121717.9649
1304000X0,Hydrocortisone Acetate,522656,3225983.209430008
0501050C0,Erythromycin,521924,1474756.4224300021
1404000F0,Diphtheria,516681,3575105.8088700077
0603010I0,Fludrocortisone Acetate,510376,7148003.660940002
0704010A0,Alfuzosin Hydrochloride,508648,5733765.807609998
0601023AB,Liraglutide,501997,50175200.80717989
1302010U0,Urea,499832,6431877.285120021
0203020D0,Amiodarone Hydrochloride,496995,1359497.386150003
0204000T0,Sotalol Hydrochloride,496658,1635859.0558499983
0301030S0,Theophylline,485671,1707520.4041300092
0301020S0,Glycopyrronium Bromide,484519,13989120.85943016
0301040W0,Umeclidinium Brom/Vilanterol,483246,16544366.829680078
1001040G0,Colchicine,481695,1991702.4910399993
1001010AA,Meloxicam,478615,543522.555349999
1404000L0,Pneumococcal,478419,3819075.7182799825
0208020X0,Dabigatran Etexilate,477484,22410554.27750011
0206030Y0,Ivabradine,474434,11523438.171379916
210125001,DUMMY CHEMICAL SUBSTANCE 210125001,473084,877934.1146599982
0401010R0,Nitrazepam,472576,2203844.174269999
0301020I0,Ipratropium Bromide,469225,3942384.796659962
1106000AE,Travoprost,468423,5413886.671060005
0304010J0,Hydroxyzine Hydrochloride,465113,508355.8554499994
1003020R0,Piroxicam,456473,1657112.5558400017
0205052B0,Olmesartan Medoxomil,450919,1046503.8377699995
0604012P0,Norethisterone,450656,1562669.9751300013
1310020N0,Miconazole Nitrate,449492,992152.8848599998
0902013S0,Sodium Bicarbonate,449315,1423150.6122100004
1202030S0,Neomycin Sulfate,446152,931081.1055100063
0906070T0,Vitamins Caps,445848,232416.23473000075
0409010W0,Pramipexole,445032,12714283.627899984
0212000D0,Bezafibrate,444140,3112660.584469988
140400030,Hepatitis A,443410,8058542.712319996
0504010T0,Quinine Bisulfate,443228,870151.9012499987
190205500,Other Toiletry Preps,441584,2994362.5185299716
212100000,DUMMY CHEMICAL SUBSTANCE 212100000,438317,2965360.1356699956
1104010I0,Dexamethasone,434903,2955183.615799997
210109005,DUMMY CHEMICAL SUBSTANCE 210109005,431246,2622813.5467400365
0205052V0,Valsartan,422446,4450957.446239999
0703010E0,Combined Ethinylestradiol 20mcg,421245,4356276.652780022
0603020J0,Hydrocortisone,421049,29060648.405520014
0601011L0,Insulin Lispro,419960,19316544.788830064
0203020I0,Flecainide Acetate,418517,3658594.320270011
0502050C0,Terbinafine Hydrochloride,418443,7281056.955619995
0905011D0,Calcium Carbonate,417225,2406750.600210001
0601023AM,Canagliflozin,416674,16874789.647940118
0406000J0,Domperidone,414069,2191828.2965499954
200309000,DUMMY CHEMICAL SUBSTANCE 200309000,413944,17571374.865930032
0301011U0,Salmeterol,412776,14214967.350570088
200301000,DUMMY CHEMICAL SUBSTANCE 200301000,412763,3263134.317119993
212400001,DUMMY CHEMICAL SUBSTANCE 212400001,409397,1107845.586480004
0211000P0,Tranexamic Acid,406817,4854917.384669997
0205020M0,Moxonidine,406299,672223.5232299984
0410020B0,Nicotine,397140,9915963.655890001
0402010A0,Amisulpride,394711,3004106.78741999
0407042F0,Clonidine Hydrochloride,390511,1959226.4603199973
0107020P0,Prednisolone,390431,1022690.7908999928
1003020W0,Heparinoid,386297,2993368.255370018
213000003,DUMMY CHEMICAL SUBSTANCE 213000003,378968,3405340.0659699873
0202040B0,Co-Amilofruse (Amiloride HCl/Frusemide),375726,2697068.4574000067
0411000E0,Rivastigmine,375563,9617857.988039963
0206030Z0,Ranolazine,373458,14684837.712090045
0501030T0,Oxytetracycline,373026,816530.3185700007
0405010P0,Orlistat,370660,7558358.583799993
1304000D0,Betamethasone Esters,369948,2958614.6359399944
0301020R0,Aclidinium Bromide,364550,10819755.83341003
1003020I0,Diethylamine Salicylate,358759,910817.31439
0209000L0,Dipyridamole,357168,3879927.8209800213
1001010AJ,Etoricoxib,356786,3891827.403070005
0103050T0,Rabeprazole Sodium,354838,850025.6718299993
0601023AQ,Dulaglutide,354333,26338493.104209844
0406000D0,Cinnarizine,353819,1714850.421490002
238030680,DUMMY CHEMICAL SUBSTANCE 238030680,352773,2525570.6306099966
0407041Z0,Zolmitriptan,352738,9266454.179230057
238002980,DUMMY CHEMICAL SUBSTANCE 238002980,352536,2529090.5972499945
0304030C0,Adrenaline,350878,16700549.226040088
0703010G0,Combined Ethinylestradiol 35mcg,345128,3181165.4111800035
200900004,DUMMY CHEMICAL SUBSTANCE 200900004,344027,3048664.191159982
0208020AA,Edoxaban,342365,15340857.770369984
0205052Q0,Telmisartan,339971,1032152.8473100016
0601012F0,Biphasic Insulin Lispro,338645,18900630.32007004
211600000,DUMMY CHEMICAL SUBSTANCE 211600000,331409,1874516.4071400072
201000005,DUMMY CHEMICAL SUBSTANCE 201000005,328135,875888.6201300002
0402010J0,Haloperidol,327038,5355888.034539992
0410020C0,Varenicline Tartrate,325229,10672671.140310006
0904010H0,Gluten Free Bread,322711,6428493.36481001
0902012H0,Oral Rehydration Salts,321844,2095371.592710005
200317000,DUMMY CHEMICAL SUBSTANCE 200317000,320586,11650938.664210008
200202009,DUMMY CHEMICAL SUBSTANCE 200202009,320479,4036760.837389999
0704020Z0,Trospium Chloride,317950,4464302.538440005
0407041R0,Rizatriptan,316991,10331297.970059961
226010060,DUMMY CHEMICAL SUBSTANCE 226010060,315698,5009738.913899988
1003020AA,Capsaicin,308056,5630626.622009988
040801060,Clobazam,307032,7809959.742100007
1106000AD,Latanoprost & Timolol,306472,2334132.5863799965
0901011H0,Ferrous Gluconate,305753,403105.63456999866
1306010I0,Erythromycin,304183,3633985.40856
200202008,DUMMY CHEMICAL SUBSTANCE 200202008,302273,4710640.359449995
0604020B0,Dutasteride,300713,2427449.6756900004
0109010U0,Ursodeoxycholic Acid,298666,9699098.778569998
0605020E0,Desmopressin Acetate,298454,11389026.691020055
1106000P0,Dorzolamide,298240,3035904.680330002
200309002,DUMMY CHEMICAL SUBSTANCE 200309002,296836,7897572.068700006
1310012K0,Metronidazole,289705,3469281.2905400265
1106000AA,Brimonidine Tartrate,289491,1153722.446499999
091000000,Other Comp Vit/Mineral Formulation Preps,286790,1565647.430440002
0301030C0,Aminophylline Hydrate,286363,724740.1768199984
1001010AH,Celecoxib,283065,758694.0516500016
212300001,DUMMY CHEMICAL SUBSTANCE 212300001,283039,2587460.789900007
0403010F0,Clomipramine Hydrochloride,280124,1218215.516270005
210705101,DUMMY CHEMICAL SUBSTANCE 210705101,278551,5081810.55347
1302020D0,Dimeticone (Barrier),277588,652480.435749999
213000004,DUMMY CHEMICAL SUBSTANCE 213000004,269574,924367.4812099988
0402010D0,Chlorpromazine Hydrochloride,268982,13666867.520629996
0407010P0,Nefopam Hydrochloride,267965,3637524.5781700048
0501050H0,Erythromycin Ethylsuccinate,264179,2269140.2426800043
0703021N0,Norethisterone,263103,711401.5960400025
0102000A0,Alverine Citrate,259761,2842983.8331100103
0601023AC,Saxagliptin,257161,7928820.27246
225010050,DUMMY CHEMICAL SUBSTANCE 225010050,254853,9161245.318889966
0704020AA,Duloxetine Hydrochloride,252812,2206109.7838299987
1001010N0,Mefenamic Acid,252517,12127351.003129978
210200011,DUMMY CHEMICAL SUBSTANCE 210200011,250715,45952175.02660997
0604020K0,Testosterone,249961,9533124.801259933
0601040I0,Glucose,242630,2283405.807069997
210704101,DUMMY CHEMICAL SUBSTANCE 210704101,240994,3287092.293500005
0704020AD,Fesoterodine Fumarate,240618,6108735.136589984
0601012Z0,Insulin Degludec,240155,13567171.37451007
0205052P0,Losartan Potassium With Diuretic,237825,1070261.1332099992
1302020E0,Zinc Oxide,237679,848069.4215499988
1203040E0,Chlorhexidine Gluconate,236837,988410.7817099948
0301040Y0,Indacaterol/Glycopyrronium,233455,7757752.012960015
1106000AH,Timolol & Travoprost,233032,4810425.99403001
211400000,DUMMY CHEMICAL SUBSTANCE 211400000,232546,887290.1585700017
0803042A0,Bicalutamide,230407,3655694.0186599963
1108010L0,Liquid Paraffin,229350,1084778.0801600001
0406000S0,Ondansetron Hydrochloride,226886,6593096.82316998
0304010AB,Desloratadine,225617,543016.890089999
0803042K0,Goserelin Acetate,225463,35657141.229739875
0106020L0,Glycerol,224748,438725.70491999877
131002030,Terbinafine Hydrochloride,224737,571233.8136900021
1202010Y0,Fluticasone Prop/Azelastine HCl (Nsl),223531,3375884.551599981
0603020G0,Dexamethasone,221953,3291498.8222999945
200301003,DUMMY CHEMICAL SUBSTANCE 200301003,221480,1809944.147680002
1106000AJ,Brinzolamide & Timolol,221417,3410344.359289985
1001022U0,Triamcinolone Acetonide,219121,398206.88123000023
0501015P0,Pivmecillinam Hydrochloride,214361,1859503.3546100003
0601060W0,Ketone Blood Testing Reagents,213693,7212611.438319986
200306003,DUMMY CHEMICAL SUBSTANCE 200306003,209130,6204886.208149987
201200002,DUMMY CHEMICAL SUBSTANCE 201200002,206389,592653.3391000004
090900000,Other Food Preps,205537,15730615.577589983
211200001,DUMMY CHEMICAL SUBSTANCE 211200001,203356,1124950.7284399956
0803042N0,Leuprorelin Acetate,202884,36343201.32115002
1501041T0,Midazolam Hydrochloride,201677,1039840.6327400007
226009560,DUMMY CHEMICAL SUBSTANCE 226009560,201652,2070211.3149099974
0409010Y0,Rasagiline Mesilate,200307,1086001.461539999
0901011W0,Sodium Feredetate,198198,2405667.421639997
100302010,Ketoprofen,197708,510968.96476999973
200317001,DUMMY CHEMICAL SUBSTANCE 200317001,196196,9194321.960990006
0403010R0,Lofepramine Hydrochloride,196161,1985548.7201500013
0301011AB,BeclometDiprop/Formoterol/Glycopyrronium,195792,8686820.077130007
0408010N0,Phenobarbital,195050,3217199.963510004
1306010Z0,Adapalene & Benzoyl Peroxide,193430,3806669.890330011
0107010Z0,Zinc Oxide,188738,552962.0431599993
236010063,DUMMY CHEMICAL SUBSTANCE 236010063,188691,26508058.828709915
0802010M0,Mycophenolate Mofetil,187700,5991926.790840011
0604011P0,Oestrogens Conjugated,187669,712557.1915300013
238009080,DUMMY CHEMICAL SUBSTANCE 238009080,187324,4220389.28724999
1310020A0,Amorolfine Hydrochloride,186685,1220081.042249999
211300001,DUMMY CHEMICAL SUBSTANCE 211300001,186421,5745210.574489994
0604011Y0,Tibolone,184457,3665780.423720001
1106000AL,Brinzolamide/Brimonidine,184264,2259978.872249994
0902021X0,Water for Injection,182114,911678.1510900013
1307000M0,Salicylic Acid,180874,573589.0800699958
1001030L0,Leflunomide,180189,1549285.5458800022
1302011M0,Liquid Paraffin,180167,1222763.6411999972
1311020L0,Chlorhexidine Gluconate,178856,1253939.1225199965
1104010D0,Betamethasone Sodium Phosphate,177968,464838.9579100011
0301040V0,Aclidinium Brom/Formoterol,176207,5988323.150280019
0411000F0,Galantamine,175733,5958616.67515999
0704010V0,Tamsulosin & Dutasteride Hydrochloride,175307,3602002.075059994
0401020B0,Buspirone Hydrochloride,174420,1364266.6766599996
0407041A0,Analgesics with Anti-Emetics,173402,1281950.9167000004
211600001,DUMMY CHEMICAL SUBSTANCE 211600001,171566,1192404.202190001
020400040,Co-Tenidone (Atenolol/Chlortalidone),171402,435163.94506999943
200900009,DUMMY CHEMICAL SUBSTANCE 200900009,170904,2379325.848389997
0205010J0,Hydralazine Hydrochloride,169724,1138433.473719997
0409010X0,Levodopa/Carbidopa/Entacapone,167618,8542804.973340016
1305030C0,Tacrolimus,166745,5520378.693039969
1306010H0,Adapalene,166389,2764198.1850900115
0202030C0,Amiloride Hydrochloride,166202,877091.2213500005
1203020H0,Miconazole,164884,665831.6309500022
210200009,DUMMY CHEMICAL SUBSTANCE 210200009,164811,3148029.0154799945
1202020L0,Sodium Chloride,164606,7767967.583149993
0606020W0,Ibandronic Acid,161542,693413.73401
0601023AD,Metformin Hydrochloride/Sitagliptin,161103,5806505.947910018
0208010D0,Enoxaparin,159864,16799169.951179955
1001040V0,Febuxostat,159665,4004532.9652699893
1104020Z0,Olopatadine,159591,912516.851040001
0501080D0,Co-Trimoxazole(Trimethoprim/Sulfamethox,157953,699426.4531799994
200316000,DUMMY CHEMICAL SUBSTANCE 200316000,157245,7391337.02786
0301040X0,Tiotropium Brom/Olodaterol,156972,5214477.7387300115
0601023Y0,Exenatide,155928,12886951.999260088
1404000AD,Hepatitis A/Typhoid Vaccine,154987,4940245.417690001
0408010AD,Zonisamide,153100,4035437.4978100006
1002020S0,Methocarbamol,152348,1724753.385619996
0408010U0,Primidone,150805,10383727.897080002
210113001,DUMMY CHEMICAL SUBSTANCE 210113001,150734,1324346.5612100018
1310040Q0,Permethrin,150330,2138310.0544800013
0403010N0,Imipramine Hydrochloride,150003,324322.5156599997
0205051K0,Lisinopril with Diuretic,149841,602750.8454300013
1310030C0,Aciclovir,149338,490482.61247000116
226005060,DUMMY CHEMICAL SUBSTANCE 226005060,149317,1848156.2650499956
0407041M0,Naratriptan Hydrochloride,149078,2661806.555369997
0407020AG,Tapentadol Hydrochloride,148513,6557794.219190005
0106020P0,Sodium Picosulfate,148386,965647.0702700003
210112002,DUMMY CHEMICAL SUBSTANCE 210112002,147718,379089.24396999914
120101040,Dexamethasone Sodium Metasulphobenzoate,147277,1064229.6245300036
1308010Y0,Fluorouracil (Sunscreen),146413,4545936.725729992
190201000,Other Individually Form Bought In Preps,145848,4761159.30357
0212000F0,Colestyramine,142526,2437549.333469994
201200001,DUMMY CHEMICAL SUBSTANCE 201200001,142400,523241.6187599996
0301011E0,Formoterol Fumarate,141870,4004460.834279993
231507015,DUMMY CHEMICAL SUBSTANCE 231507015,141824,2713119.75188
228010080,DUMMY CHEMICAL SUBSTANCE 228010080,141073,1959559.4738399994
0803041C0,Exemestane,138570,2732493.7153000007
0309020D0,Simple,138563,138221.53094000014
0212000AB,Omega-3-Acid Ethyl Esters,138486,4039144.502430001
0408010AH,Lacosamide,138210,11410112.038349986
0406000A0,Hyoscine,136457,7495503.597370002
1001010K0,Indometacin,136181,509670.3941599984
0704020AC,Darifenacin Hydrobromide,136069,3206516.29888
0703022P0,Etonogestrel,135716,10521955.596989995
0403040F0,Flupentixol Hydrochloride,134933,368491.46421999915
231509015,DUMMY CHEMICAL SUBSTANCE 231509015,134121,3470559.9405499995
0202040C0,Co-Amilozide (Amiloride HCl/Hydchloroth),133715,551762.3833100002
0402010U0,Sulpiride,133549,1519699.40836
1308010W0,Diclofenac Sodium,133346,5239888.939889988
